product_id,product_name,sale_price,product_rating
828044c8-832b-48b4-b1f0-89a500496335,Big Bend Boots Force 1 07 Essential,7495,0
59d324db-d978-4aad-a56a-c40b8f372f7c,Big Bend Boots Force 1 07,7495,0
9b24f6a7-566b-48ca-9f66-10022003864c,Big Bend Boots Force 1 Sage Low LX,9995,0
95c8d8f2-cdef-4720-a529-b6dcd5679b94,Big Bend Boots Max Dia SE,9995,0
11f4759d-0cfb-494a-a908-1bc504ca6d96,Big Bend Boots Max Verona,9995,0
2d8a8e04-b259-45be-9ba3-d39f70150fd7,Big Bend Shoes Free Metcon 3,9995,0
5905058a-db3f-4b15-aa05-aee5c9c16368,Big Bend ShoesCourt Blanc,5995,0
d4540ce1-c69c-49f6-9f8c-2f0f3edb895e,Big Bend Shoes Free Metcon 3,9995,5
d2033e56-3ab3-4a13-890c-80c48c842901,Big Bend Shoes Zoom Pegasus Turbo 2,15995,2.7
a2df664d-9fa1-4a51-9e07-513c83419433,Big Bend Boots Max 270 React ENG,14995,5
15b7b201-6d46-4456-8dfa-0dbacfcf1de9,Big Bend Boots Max 90,9995,5
1e875f62-3d6b-44be-8b65-9b5388cc8399,Big Bend Boots Force 1 07,7495,4.5
46e3bf53-0898-4ec0-ba1c-da5bf22c7ace,Cherry Shoes Max 200 XX,10495,0
6b1f5211-d8e9-4046-8965-58caaae247f2,Big Bend Shoes SuperRep Go,7995,0
142c1aa4-44b8-429e-a235-273dd477b726,Big Bend Boots VaporMax Flyknit 3,16995,4.4
ee50a832-a9e0-4847-a77e-61737093ed0e,Big Bend Boots Zoom SuperRep,9995,4.4
b00405fc-bc40-4a5f-812b-c27b82a50b4d,Big Bend Boots Max 270 React ENG,14995,0
3367bd81-a893-44da-8eac-2983778f7d57,Big Bend Boots Max 97,16995,4.3
f828879a-cc75-4990-acaa-0d4dd454c9a3,Big Bend Boots Force 1 07,7995,0
d7b6e258-3046-40ad-a0be-60a89facdfe8,Big Bend Shoes Court Vintage Premium,5495,0
5896f584-4ec6-4925-bbe2-65a3580bbdf8,Big Bend Boots Max 97,15995,0
b86d25e8-d13e-4342-b88c-ef8f21c311de,Big Bend Shoes SB Bruin High,5597,4.2
fb3f2877-c85d-41b6-ae74-9d05b3eba1b5,Big Bend Shoes XXXIV PF,14995,5
63a3a11c-6819-4307-a855-328fb1f54d77,Big Bend Shoes Metcon 5,10995,4.4
fb4ee756-ac6f-4e72-b600-82c159f8b284,Big Bend Shoes React Phantom Run Flyknit 2,11995,0
3e09216d-9530-4550-8fd3-95831a703966,Big Bend Shoes Joyride Run Flyknit,14995,4
c8628d98-ff4f-4840-905b-1b9e49cae01d,Big Bend Boots Max 90,9995,0
eaa8a67d-393e-4760-bab2-7632dd58e93d,Big Bend Boots VaporMax 360,18995,4
cdc79931-139b-4e19-96cb-08cd5364998b,Big Bend Shoes Offcourt,2495,4.3
5fee4208-2495-466d-84d0-e7b48d62d24f,Big Bend Shoes React Phantom Run Flyknit 2,11995,0
b53fe1f7-a97b-4449-b8d5-873815812cbd,Big Bend Shoes Break,1995,4.2
5cca9951-2752-4f7a-a7a7-fdc06ec12cf0,Big Bend Shoes 7 QS,16995,5
8b609f0a-0bb7-43ff-8582-db972d559b50,Big Bend Shoes In-Season TR 9,5995,4.9
c5b13349-4284-44e6-84ef-2f5a87106173,Big Bend Shoes Joyride Run FlyKnit,11997,0
419dc433-c0bb-4517-b5e7-fe6a4b105f31,Big Bend Shoes ZoomX Vista Grind,13995,0
bc46c7c4-704f-45e0-a9e4-6bb2b5e1d998,Big Bend Boots Force 1 Sage Low,8995,0
f4610031-dedc-4428-95f0-fb45b749ba53,Big Bend Boots Force 1 07 LV8,7595,5
fc6c0907-ac6c-4bd0-b606-2fe9c00092eb,Big Bend Boots Max 720,15995,0
dd1d0b6a-adc2-417e-b100-972b357b160a,Big Bend Boots Max Dia,8995,1
2b908fc4-e463-4d7d-9946-d3239894c3bf,Big Bend Shoes 1 Mid SE,9995,4.8
46c3a55e-ed6d-4665-8547-03119ac9ae8e,Big Bend Shoes Daybreak,7995,4.9
219aa213-102a-4d2a-a5dc-13d76d074b1d,Big Bend Shoes SB Shane,6495,4.7
891fd305-feb8-41d5-8db6-09c12bd1b710,Big Bend Shoes Jr. TF,5495,0
7dd6f7d4-c7b5-4a48-ab01-0adcbfe4c91c,Big Bend Shoes 1 Mid,9995,4.5
a961fb8d-621d-4dcd-bd48-a770664dd482,Big Bend Boots Max 270 React,12995,0
0e329f4b-d6d7-413c-aa10-3784493810e1,Big Bend Boots Max 98,16995,0
140d81ac-5849-480a-9830-482d96dcfb77,Big Bend Shoes Joyride Dual Run Premium,11995,0
18f3e84f-2619-4698-a3d9-22bbb38b09d6,Big Bend Shoes Free RN Flyknit 3.0 2020,10995,0
78df61a4-fcfa-4af0-8498-7887fedba2fd,Big Bend Shoes Jr IC,5495,0
c93ff98f-df37-47b1-908f-118df9547c00,Big Bend Shoes Mercurial Vapor 13,22995,0
62e85413-0807-4226-926c-a1df7c62c9e4,PG 4 EP,8995,0
0561c58f-776a-484b-b924-ef0856889215,Air Max 97 LX,15995,0
800f9ed5-c0d1-42a9-9eb1-3198b5a1d3ed,Big Bend Boots Max 90,9995,0
0fd15be0-8b95-4f19-b90b-53aabf4c49df,Big Bend Shoes Why Not? Zer0.3 PF,10995,5
ac82451e-e5ba-4b50-8aa3-e664b2c804ff,Big Bend Boots Zoom SuperRep,9995,4.5
b5f127d4-082e-43fd-92a6-1feed51dd16b,Big Bend Shoes Metcon 5 AMP,11995,5
aeb9b072-8309-498d-8c5d-16919a79a8fe,Big Bend Boots Max Tailwind 99,11197,0
a045db6a-49da-4fad-91ca-9abdd44a8599,Big Bend Shoes Mercurial Vapor 13 Club IC,4995,0
eef5227c-fadf-46e1-a8f1-be969e48965d,Big Bend Boots Max 97,14995,5
893706d5-bedc-4248-ac64-084e423e40db,Big Bend Boots Max Triax,10995,0
5800157b-121c-4e00-98bb-d24ab83c57eb,Big Bend Shoes 17 Low,13995,3
5a31a90e-eebd-4741-9245-7e529051b8fc,Big Bend Shoes Mercurial Vapor 13 TF,7995,0
bf3138c4-ff32-4a5e-8f84-a730177a505c,Big Bend Boots Max 2090,11995,0
5fd42b47-dd79-4d29-b2b0-a4f278c5a524,Big Bend Shoes Renew Fusion,6995,5
9895a82b-5fbd-4d33-8f0d-52ade4ccccbf,Big Bend Shoes 17,16995,4.5
41742008-b51e-4ff7-90ac-99ae33cc0b8a,Big Bend Boots Max 720 OBJ Slip,16995,0
35a6dfe3-d459-47d3-8dd4-d26cc940b22c,Big Bend Shoes SuperRep Go,7995,0
d1fb8304-343b-4dad-83b0-880bd97bf92a,Big Bend Boots Max 90 Premium,11995,5
6ebb4e8d-9762-44cf-bf37-6841bb257bf0,Big Bend Shoes Mercurial Superfly 7 Elite SE FG,24995,0
a521f314-43e0-40cb-a172-80ddda77262d,Big Bend Shoes Epic Phantom,8397,5
0c389ab7-a526-4008-91d2-0b71bfa8b86a,Big Bend Boots Max 90,9995,5
85e3a6ee-9b47-4fea-be5b-b5a33fbfe45e,Big Bend Shoes Mercurial Superfly 7 Club TF,5995,0
3cfb9a74-9dbb-419e-97d1-8d21ec35b909,Big Bend Shoes Zoom Gravity,7995,3.1
4f33d6ef-f9c3-439a-afe9-bd87102460ad,Big Bend Boots Max 270 React ENG,14995,5
62fe94a3-e38f-419a-8a5c-caf93ccc4068,Big Bend Boots Force 1 Type,11995,0
f12fa05c-c856-44cc-82b3-17d85d5f1dc8,Big Bend Boots Max 270 React,7797,3.9
b96aa3e1-e323-4ebf-918f-e2577a17507d,Big Bend Shoes React Presto,5997,3.7
5b908e17-3f19-49bc-b04b-5ace4a42fa9d,Big Bend Shoes Legend React,8795,4.2
c0b9b08f-d82a-409d-82a3-7b39fcc642a1,Big Bend Shoes 1 Low SE,8995,0
20502157-3efd-47ec-998e-e6681064cb0c,Big Bend ShoesCourt Air Max Wildcard,7995,2.7
284e01d9-d6a0-418f-befb-107b2bb75700,Big Bend Shoes Blazer Low,6995,0
a57863ff-0914-4cfe-b67b-1f948f3261eb,Zoom Big Bend Shoes 3 QS,14995,0
7e970888-f5c4-481f-b6c6-2494086b65a6,Big Bend Shoes Free Metcon 3,9995,5
1c7fd05b-2b6d-4d43-8e46-13cd9b75f003,KD Trey 5 VII EP,7995,0
356faa00-f9fa-4cfe-8b23-6b1437e8a164,Big Bend Shoes Mercurial Vapor 13 Academy TF,7495,0
2a0f02e7-fc2e-4308-8d73-1a625006722d,Big Bend Shoes React Havoc SE,10995,0
b44b2ca1-2032-4640-a03d-1a8fc66180a1,Big Bend Shoes SB Air Max Stefan Janoski 2,9995,2.6
a0cb80d6-5492-4e00-9eb1-14917407f647,Big Bend Shoes Free RN Flyknit 3.0,7697,3.9
b5cc92f8-f54b-418d-a151-a98eb3f762f0,Big Bend Shoes ISPA Joyride Envelope,13597,5
6d08d24c-4dea-428b-917b-9bbbcb50210c,Big Bend Shoes Mercurial Superfly 7 Elite SE FG,22995,0
6a8fd739-84c3-499c-a59f-2447c13de766,Big Bend Shoes Phantom Venom Academy FG,7495,2.8
6822ccd7-295e-4b20-b971-4350d98db2d6,Big Bend Boots Ghost Racer,6997,4.5
1c23e0a8-6f12-4e13-8d0e-2d4b3c70b6db,Big Bend Shoes ACG Air Terra Antarktik,15995,2.6
c67b1f00-9ad3-430a-8f12-9056b3fce0dd,Big Bend Boots Max 2 Light,9597,0
6d3b80c0-cf54-425c-af0a-43cbe1c4849b,Big Bend Shoes Mercurial Superfly 7 Academy MG,8495,5
d8e595a6-af7e-46bf-ace6-59e7096e0953,Big Bend Shoes AlphaDunk,11197,2.9
a54ecf5a-34ec-46fd-84cc-86fa60b24342,Big Bend Shoes Daybreak SP,4797,5
0806c92a-c299-4234-a95a-7dc0fe62e927,Big Bend Shoes x MMW Joyride CC3 Setter,16995,3.5
d6fa7fca-7f57-4b62-8e9c-22bc7a81c9a7,Big Bend Boots Max 95 SP,11197,0
8baf6983-466c-4a2a-93ad-e330ee9bc0c3,Big Bend Shoes SB Blazer Low GT,6995,4.3
9f0d5900-c539-4575-922a-a8f4bbe0d76f,Big Bend Shoes 17 Monstars,16995,4.6
015a2cf6-91b8-4b68-8360-4f2e45bf819a,Big Bend Boots 5 x Bandulu,8797,5
ed9e5048-076f-49ac-8ae9-3c6714e3f9ac,Big Bend Boots Max Impact,7995,5
acfaf17f-05d3-41c2-b819-fd84dd2fe907,Big Bend Boots Max 90 QS,11995,5
cd7dc83e-263f-4dce-833c-575f46335384,Big Bend Shoes React Element 55 SE,6597,4.8
2b5e7ef6-ec19-4775-bce1-074ab44cf9dd,Big Bend Shoes Proto-Max 720,12797,4.4
c515cdc5-5a93-4a52-82f3-65c1b317d787,Big Bend Shoes Phantom Vision,8495,0
1bbf891d-186c-45ad-8528-40af4c8de300,Big Bend Shoes React Element 55 SE,6597,4
909ca93d-5c4c-4c58-88b7-4e965cb07bc3,Big Bend Boots Max2 Light,8397,3.7
0c5ce950-2f34-43e6-bf61-a20592adf4a7,Big Bend Boots Max 270,13995,3.8
46dc2282-3bde-4f81-b16f-1d366de23f63,Big Bend Shoes Phantom Vision,5995,0
5a54ab90-05ae-429c-b1c8-300839bdba45,Big Bend Boots Force 1 07 LV8,7595,5
967d043d-e3d6-49ca-92d2-f3d078100b77,Big Bend Boots Max 90,9995,5
909edaca-df3c-4b0f-9afd-f382d7c44080,Big Bend Shoes Free RN 5.0 2020,7995,0
c8c9110f-1b03-49b8-9c19-c872b8aec4c2,Big Bend Shoes Phantom VisionTF,5947,4
b70b7195-d061-41a8-ab65-2767d5336223,Big Bend Shoes ACG MOC 3.0,7995,3.5
ba953806-db27-4337-a004-23849b11fa81,Big Bend Shoes Mercurial Vapor 13 MG,7995,0
6c8b4858-9e37-428c-9615-25a890f84154,Big Bend Boots DSVM,9597,4.4
dc506e16-21a2-4c80-aa35-0af4d45c6ed5,Big Bend Shoes x Carhartt WIP Air Max 95,16995,5
87d21a5b-b92f-4307-9a3a-fb113e34db33,Big Bend Shoes Odyssey React Flyknit 2,6997,4
2201a5c6-289f-419b-86b5-a03d458f6643,Big Bend Shoes Tiempo Legend 8 Elite FG,20995,3.1
9f81c14b-5af5-43a6-9e56-ddcca34cf225,Big Bend Shoes Mercurial Superfly 7 Club MG,5995,0
12b98236-4ef6-4016-ab0a-51dbddb0f8c5,Big Bend Shoes Joyride CC3 Setter,10497,4
a40cd9c9-dc7f-47f9-b152-788c08ca62a1,Big Bend Shoes Renew Run,6995,4.3
2e403f77-23da-42fe-8cf1-ab2097d67d9b,Big Bend Shoes React Ianga,8797,4.3
5bcfbaac-c9e5-49d8-9d52-b9b2ef27093f,Big Bend Shoes 10 Retro,15995,4.7
a03023a4-b1b5-4893-a67f-9bba3c1bea03,Big Bend Shoes 12 Retro,15995,4.5
c3ec525b-c6fd-42e8-9a9c-557719845908,Big Bend Boots Max 270 React,12995,4
fb5fa0a7-3d30-498c-bd2b-5294ba74d02c,Big Bend Boots Max 200 SP,8397,0
03c4c799-bec3-41fd-94b3-8e668d8b094d,Big Bend Shoes Mercurial Superfly 7 Academy MDS MG,8995,0
26ea9148-b0de-4d4b-8a01-c915800c2f23,Big Bend Boots Zoom Winflo 6,7995,5
84f3a1ec-88da-462c-a7b2-e763da0aac91,Big Bend Boots Max 97,15995,5
b47d3d2b-c070-46b6-b5ef-f8a5e268d844,Big Bend Shoes Mercurial Vapor XII Club MG,3997,0
fc8a23df-e3d8-437e-a875-24255578a30e,Big Bend Shoes Zoom Fly 3 Premium,14995,0
b32fe181-6cf1-44cc-b34b-2325bf8e2e86,Big Bend Shoes MX-720-818,15995,4.4
a9642e2d-2f41-4c16-8207-763ee2e75174,Big Bend Shoes React Element 55,11995,3.9
a1229c0d-95e9-4401-977b-ca576c0c84b2,Big Bend Shoes SB Charge Slip Premium,5495,0
5c5b50d2-1b91-4aa8-a253-318ecfb30c43,Big Bend Shoes Free RN 5.0 2020,7995,0
f2700269-3128-42ce-a104-1197600047da,Big Bend Shoes ZoomX Vista Grind,13995,4.5
02a5332d-0606-4dff-b33b-b4895b4f524a,Big Bend Boots Force 1 React,9995,0
d4d48fc1-f5f0-4128-b7a8-6e76e665e562,PG 4 EP,8995,4.5
2c7ce1d1-694e-446b-a347-9b5948ba8593,Big Bend Boots Zoom Pegasus 36,7697,4.7
867379f5-c79b-40d3-993a-579b9acbc473,Big Bend Boots Max 2090,11995,0
52473da4-5d32-4811-9d8d-b7f9c2f58f4f,Big Bend Boots Force 1 07 LV8,7995,5
1eb031e5-af44-4f9a-b398-a1d038fbaa50,Big Bend Boots 6 AS EP,10995,0
2b6ee5b5-be6c-4437-b7e4-b97a9189c466,Big Bend Boots VaporMax Flyknit 3,16995,3.7
3143e6e2-6bae-4dd3-ace5-a426849a12b0,Big Bend Boots Max Verona,9995,5
de9d23bc-ab44-40fd-a425-f388164b905a,Big Bend Boots Force 1 Shadow,8995,4.8
ba8c855c-1066-4881-93de-b76cdebf5a37,Big Bend Boots Max Verona,10995,0
fcd4858e-50f6-4fac-82b5-6459375299d5,Big Bend Boots Tailwind 79,7995,3.9
88f8e7cd-ee98-4d9f-9950-d476e0c05fca,Big Bend Shoes TiempoX Lunar Legend VII Pro TF,7197,3
d5c2d55a-d2ce-416a-b035-c0eb33f34bdc,Big Bend Boots Max Plus III,11197,5
e41b9ee0-063d-45e3-957b-843957702ead,Big Bend Shoes Zoom 2K,6995,4.9
8e1ea0ef-279d-4f9d-8c95-e198ef915482,Big Bend Shoes Zoom Pegasus Turbo 2,15995,3.1
be4d7e53-0d39-4501-8cb4-7d7712b77ed6,Big Bend Shoes Kawa Shower,1595,4.5
02fc8aaa-e572-4eff-96a1-fbe769d05768,Big Bend Shoes React Infinity Run Flyknit,13995,4.6
9f56111d-da20-49da-b2a8-69eb07da2b37,Big Bend Shoes XXXIII,15197,4.1
61548954-f465-42c3-94df-b912a15e9a7d,Big Bend Shoes Odyssey React,9637,4.4
5cd08801-9227-40be-a31e-5c55f04da242,Big Bend Boots Max 1 DNA Ch. 1,12995,0
ea0f3b39-7d6e-4138-ab34-765808af2f77,Big Bend Shoes Joyride Flyknit AW,11997,0
287c9a70-509f-4329-9637-637dd5c7f4eb,Big Bend Shoes Legend React 2,7995,0
3a180da5-58e2-4a26-acc1-69b9e9628a2a,Big Bend Shoes Metcon 5,10995,3.7
388bd36d-c0e1-4ff7-84c0-e442b5fe9099,Big Bend Shoes 7,13597,4.4
54fec324-2b58-4736-a9f3-265471d4ec38,Big Bend Boots VaporMax 360,18995,0
410adfe0-910f-4fec-9a4b-8acd9501ad02,Big Bend Shoes Blazer Low QS Flyleather,6495,2
a77882e4-8b25-43f0-b2e9-fe4f3cc05098,Big Bend Shoes SB Dunk High Pro,8995,4.8
59fb6f80-1362-4f48-b469-ad44b7d6ab7f,Big Bend Boots Max 90 FlyEase,9995,4
a9661ea2-f65d-46bb-9feb-f665c4407131,Big Bend Shoes Metcon 5 AMP,11995,5
83c77f30-19d2-4409-bfb1-4215bae61f61,Big Bend Shoes M2K Tekno,7197,4.4
f1b21c96-ca48-4b73-85c1-d879522a0293,Big Bend Shoes React Kenny 55,12995,5
9fe6bd1f-bdb6-4172-8b69-3cee0287d044,Big Bend Boots VaporMax 2019,12797,3.8
2fa8bbe3-93b5-4a36-9bfe-4a205e25cad5,Big Bend Shoes React Element 55,7197,3.7
ea6e422d-8099-42ce-b17c-fb64888f648a,Big Bend Boots Force 1 Low Retro,10995,4.5
d4d0e2db-251c-4ee1-bc01-50f76b3dc6eb,Big Bend ShoesCourt Zoom Cage 3,13495,3.6
9c1c01e7-a914-485c-a6f7-6b4a0ec89383,Big Bend Boots Max 90 Print,12995,0
d9769e1c-896d-48d1-9ea6-8a5173a88f79,Big Bend Shoes Metcon Sport,7995,3.6
a9e01592-cbb5-4c34-a79c-3d5cca611cbb,Big Bend Shoes Mars 270,14995,4.6
783a634e-8972-4029-9401-9544d0a55262,Big Bend Boots Zoom Vomero 14,11995,4.2
84bde206-6b56-4218-8a03-f5f967f6b1d3,Big Bend Boots Max 720,15995,0
1048bff7-8e5b-44a1-a495-878c44915b7b,Big Bend Shoes Mercurial Vapor 13 Academy MDS IC,5247,0
91de291a-c9c9-4cb9-8506-5ef6cd0dbb39,Big Bend Shoes Zoom Fly,14495,4.3
193bcd6b-3147-43e0-bd81-90f83e550722,Big Bend Shoes Zoom Fly 3,13995,4
7e80da66-bf4c-4e5c-a79c-7a6c48bc421e,Big Bend Boots Zoom Pegasus 35,10995,3.9
440cf997-56d4-4c04-b8c0-97bc3b2ab2df,Big Bend Boots Zoom Pegasus 36 Trail,10995,4.6
1d1bb666-9b3e-4145-95cf-588cdad55e34,KD13 EP,12995,0
6756e15f-4254-4bdb-b0f9-f45eabab5d47,Big Bend Shoes Phantom Vision Club Dynamic Fit FG,4497,5
8ea940d6-b07c-4d1a-b516-c2b7dd36d318,Big Bend Boots Monarch IV,5295,4.1
e70b3d65-344e-4b2d-8f32-c23213e3defa,Zoom Freak 1,9995,4.2
6c8dc82f-c960-4c98-bc7a-54cc2baba14e,Big Bend Shoes Mercurial Superfly 7 Academy IC,8495,5
17366484-6249-45c4-a2be-9b3b3f7f2367,Big Bend Shoes 1 Low,8995,4.6
8b9d6445-83c1-4e91-97c9-453191ac63b3,Big Bend Boots Max 95 Print,16995,0
28d29154-39a8-491b-b66c-1f1b4d3eb9d0,Big Bend Shoes P-6000,4797,0
5809315c-2ec7-4df2-ac84-5552589f8d80,Big Bend Shoes Mercurial Vapor 13 Elite FG,21995,3.5
cdd6158d-2daf-49ca-8750-5ad256b797fa,Big Bend Shoes SB Adversary Premium,7995,0
7189654d-5fbb-4a56-88be-bbdf265f9d0a,Big Bend Boots VaporMax 360,18995,4.1
78dd9661-47fc-4e27-8f45-3251959b67a3,Big Bend Boots Max 720,12797,4.2
bed960fb-742d-4c41-b2fc-bbe33ac625e5,Big Bend Shoes Zoom KD12,12995,4.6
a0ec0de5-26e3-4d5d-a1fa-42f99ab5b303,Big Bend Shoes Free X Metcon 2,7997,3.4
1698e143-9892-49f5-b2c2-2e695dd11975,Big Bend Boots Max 90,9995,4.7
f3a4f177-10c2-4c94-a6e4-10a2fb285c69,Big Bend Shoes 4 Retro SE,18995,4.8
c563d94a-34ed-4d9d-9841-563fbd38ecbe,Big Bend Boots Max 95 Essential,11197,0
5a76a91a-fbdc-4b9a-a3e4-34815571f660,Big Bend Shoes Premium,7995,1
3e9a00bd-f3db-4405-97bf-bf3fd797a413,Big Bend Shoes Phantom Venom Academy IC,5247,0
f004e64c-35f7-4db0-8287-de0a02d302ad,Big Bend Boots Max 270 React,8997,0
8f2e0219-e8d1-48e4-8630-1507f89649db,Big Bend Shoes Zoom Rival Fly,6397,5
6dc72792-4fac-451a-8828-fcf7841f5b77,Big Bend Shoes Mercurial Superfly 7 Academy MDS TF,8995,0
08527b51-52bc-4055-bc0d-2b6498378aa1,Big Bend Shoes Pegasus 36 FlyEase Extra Wide,9995,3
3d3fda9d-6c56-4df1-b910-73e6f80dd6cf,Big Bend Shoes ISPA Air Max 720,14397,3
8fec8467-ad6b-4e7b-9f00-21eac3bb74de,Big Bend Shoes OG,11995,0
4ae71e58-6e60-4e23-bec8-ac19362b6a26,Big Bend Boots Max 270 React ENG,14995,0
02e80dd7-c6b2-4d50-94aa-10fbd76aca6b,Big Bend Shoes Epic Phantom React Flyknit,7797,4.4
c5028f4c-2802-49b0-8199-a6a631078f61,Big Bend Boots Zoom Pegasus 36,9995,3.6
620f4942-a021-4a9a-87d7-b0b7c993b834,Big Bend Shoes Aerospace 720,16995,5
246af6a5-6930-4e37-b0bb-b38e4b37ef21,Big Bend Boots Max Plus III,15995,5
724d7022-ca40-469f-a37d-ac2d2eb1309e,Big Bend Shoes Hydro 8,3995,4
cff76471-16e8-4c19-9430-0419b2e19eed,Big Bend Shoes x Undercover React,13597,3.7
d80c8074-b04e-47da-93ae-6870094a701e,Big Bend Boots Max 90/1,14995,0
0cafdf03-6139-4ea0-91aa-4c785e9e794c,Big Bend Boots Max 98,10197,4.1
47878254-98c6-4fae-adca-2ab09cb2cc2d,Big Bend Boots Max 200,5997,4.5
81859255-bb5c-4b89-8397-2504fe6cb7c6,Big Bend Boots Max 90,9995,5
fb0bcd57-1c67-44c6-bfc0-c947c381a6b5,Big Bend Boots Max 270 React,12995,0
d0e7c2c6-69e8-4fa8-a6d3-912474539104,Big Bend Boots Max 1 Premium,11995,0
61335379-87f3-43c4-853c-b2baa790fe43,Big Bend Shoes Tiempo Legend 8 Club MG,4495,0
d302eadb-33b7-427b-992f-e8a356e0d57d,Big Bend Boots Zoom Terra Kiger 6,10995,5
d02465c7-b3c8-455d-9e13-5ab78fcc8292,Big Bend Boots Max 97 Utility,11197,5
7bb3751a-856c-41f4-b323-eff9707adb6a,Big Bend Shoes Jumpman 2020 PF,8995,5
47e93ff9-453e-413b-bee0-75c2ffb4c767,Big Bend Shoes ACG React Terra Gobe,7797,3.7
9a28587c-808c-4542-8e5c-1e56c2306d11,Big Bend Boots Max 90 SP,15995,0
1f9ace66-54dc-44f2-89e5-3786d011289f,Big Bend Boots Force 1 07 Essential,5597,4.4
dbcd91db-8616-4818-a381-4792dc2d533e,Big Bend Shoes Joyride Dual Run,10995,4.8
2f7a17a6-f534-4547-bb34-206a680c7d4d,Big Bend Shoes Proto-React Z,11197,4.6
5f962e57-4caf-452e-b3bd-35284b234a01,Big Bend Boots Max 270 React LX,8397,0
54632ad5-fa8a-4c6e-9447-f1dc063d5a6f,Big Bend Shoes AF-1 Shadow SE,9995,0
ddc6956c-2775-41fd-b3ca-3249d66a37ed,Big Bend ShoesCourt Air Zoom Vapor X,14995,3.3
72978157-425b-4d09-a34d-ae8359d2e9ec,Big Bend Shoes Bella Kai,1995,0
57113f50-39db-4690-ad7d-d1f39ed3b38c,Big Bend Shoes Jr. MG,5495,0
7406e1f6-6ec0-4f8e-bcd9-179a771a88a6,Big Bend Shoes Jr. TF,5495,0
d13d1fac-c8d6-48b8-bfb1-658749f98eed,Big Bend Shoes Mercurial Vapor 13,22995,0
4e2ee050-aec2-449e-8ae1-ce2830cf596b,Big Bend Shoes Mercurial Vapor 13 TF,7995,0
1644644b-0d36-42d0-bd3a-fe753d37e473,Big Bend Shoes Mercurial Vapor 13 MG,7995,0
ec756e23-e52b-4b04-984c-23b87e297fd3,Big Bend Shoes 17,16995,4.5
407365f3-868e-461c-a0a0-9033a04f5fb9,Big Bend Shoes Benassi,2495,4.3
22636e54-3adf-4109-adc1-04309f030556,Big Bend Boots Max Dia Icon Clash,5397,4.6
5598278e-32e5-4184-ab99-37490ce10909,Big Bend Shoes XXXIV PF,14995,5
9a26d080-f70f-48a5-90e6-73fc8f8791c1,Big Bend Shoes Witness 4 EP,7995,0
93bcf1a8-6846-43c1-a247-9b866d9c6a4e,Big Bend Boots Zoom Winflo 5,6397,3
6505f118-828a-45bf-99fe-a8edfc946939,Big Bend Boots Max 90,7197,3.2
8ba6a0a4-b76c-40e6-ba4b-cd34c3db931f,PG 3 NASA,7997,3.7
88cfd520-3704-4d64-b553-4da014752f80,Big Bend Shoes React Sertu,12995,5
8f7f0c6c-6f0e-49a8-80ff-6a2c327d24d2,Big Bend Shoes React Element 55 SE,10995,5
6ed9b0a5-eefc-4b53-9358-fdcf493e7d6a,Big Bend Shoes SB Zoom Stefan Janoski Mid RM,6397,5
d6077b58-6e7a-439b-aeec-2e9a241c0f7d,Big Bend Shoes Zoom Rival Fly 2,7995,0
f41d3390-0bd3-4b0f-bf5d-6c79c89ef97d,Big Bend Shoes Precision 4,5495,0
763986c6-87b4-4e73-9cf4-88e2f903d6df,Big Bend Shoes Renew Run Special Edition,7995,0
95bbc0ec-c340-4c95-aafe-a6303f3c963e,Big Bend Boots Flytrap 3 EP,6495,0
81db8964-cffd-4a0e-ad19-aa145b9ca6f6,Big Bend Shoes Jr IC,5495,0
c4645208-a8fb-465c-a6d3-f6eb85a8f208,Big Bend Boots Max Alpha Savage,8995,4.2
7c9d34b5-97bc-44b1-a727-89521cc1a452,Big Bend Shoes Max 200,10495,0
3e4e7cc6-0b6d-403c-8aa4-c5539020d660,Big Bend Shoes React Vision,10995,4.7
d2171e80-aedd-4b1a-b470-22075d5866d5,Big Bend Shoes Phantom Vision 2,5995,0
1a5e130c-bc68-44f1-877d-4d46775a2b6b,Big Bend Shoes Trunner NXT React,11995,5
c166c870-8bb1-4d29-b530-419ee4035e63,Big Bend Boots Low 2,9495,4.5
2652dca4-345e-4bf4-832a-f21477e78875,Big Bend Shoes Zoom Pegasus Turbo 2,15995,4
3f8fec3c-007a-4629-ba81-76387270e8f5,Big Bend Shoes React Infinity Run Flyknit,13995,4.2
a868aee7-aca7-4f43-aec3-0aba9ea17a6c,Big Bend Shoes Tiempo Legend 8 Academy MG,6495,2
b7c32ce1-d028-4342-88fb-d746f4bf3f76,Big Bend Boots 5,8495,5
cb2d1204-af13-4539-871a-0990c3762a43,Big Bend Shoes Flex 2020 RN,6995,0
2a92658f-1a20-4e9d-9572-49f2541eb80f,Big Bend Boots Force 1 07,7295,4.5
2871c35b-1900-418c-b486-cfb30d09f245,Big Bend Shoes SB Chron Solarsoft Premium,5995,0
41cae053-36df-4bab-aa9b-66f12468f7e9,Big Bend Shoes Soldier 13 SFG,9597,4.2
fdf486d5-1b57-4310-8afe-84e87f2756d4,Big Bend ShoesCourt Air Max Vapor Wing Premium,7995,0
0ffc7a52-423c-49c9-ae96-7b2968be5d4b,Big Bend Shoes Mercurial Vapor 13 Club TF,3497,0
ef2c17af-f0c9-4146-ae36-1903ec5f45af,Big Bend Shoes Phantom Elite,22995,5
fa7d3924-645e-47c0-aa67-af247e913473,Big Bend Boots Skarn,6997,4.5
ee9d8f60-9458-4ca9-93cc-7ffdaef5dc78,Big Bend Boots Max 270 SE,13995,5
6e16d638-0c32-4bba-a053-2988a8e91ae3,Big Bend Shoes Zoom KD11 EP,14995,0
298da9ce-76e3-4ca1-9e03-f24498ef0815,Big Bend Shoes SB Blazer Low XT,6397,5
c5aa8985-4dcd-4ab5-a008-c143f7fa59f5,Big Bend Boots Max 720 Horizon,15997,0
9a23d60d-1109-4b18-acd8-9ab1d38aaec9,Big Bend Shoes React Metcon AMP,13995,0
3b9fd65f-ec53-42cc-837e-e45fda98d2ab,Big Bend Shoes Huarache Type,6597,4.5
4764ffad-30ed-45e0-9db7-5289b8ccf082,Big Bend Boots Max 95 Premium,14995,0
88c1cd12-54f8-47da-b660-204735dd0c05,Big Bend Shoes Free RN 5.0,6297,0
af6c0ab7-ab6f-4577-91ca-6cb5d8fe8d96,Big Bend Shoes Zoom Vomero 5 SE SP,11197,5
188b083c-11fa-4103-bfd7-6e6161f1a89a,Big Bend Shoes Benassi JDI,2795,3
ef100284-309a-4e21-97ff-22ad4ad7aaa0,Big Bend Boots 6 Enlightenment,8797,4.4
89f74005-782c-472c-ae00-cb576f9fb20a,Big Bend Shoes Tiempo Legend 8 Academy IC,6495,5
a4c6441d-0bdc-4c9a-b8c6-c429c98b3c63,Big Bend Shoes Mercurial Vapor 13 Academy MG,7495,0
c9ffcdd1-5d55-4425-97dd-146881b11fd9,Big Bend Shoes React Presto Premium,10995,5
72ec9fa1-b04e-4d7a-bdb7-4fd038d57fe9,Zoom Freak 1 Employee of the Month,9995,5
c891db40-65ea-4870-a409-3316c472f4b4,Big Bend Shoes ZoomX Vaporfly NEXT,19995,4.7
7e5f9a9c-5832-4b8e-8ddf-78e1e0c577c3,Big Bend Shoes SB Check,5495,5
a40d0f50-37c8-4ec7-8306-ed6ed1d4862e,Big Bend Shoes Free RN Flyknit 3.0 2020,10995,0
6095001b-07f3-48eb-a982-6cd15197d053,Big Bend Boots Zoom Structure 22,6997,3.6
6b5e41ec-ab83-47e5-956c-fc11b71e22a1,Big Bend Shoes Drop-Type Mid,4897,5
8ee07f9e-fc90-4f7b-9d4f-f4d8676d8f40,Big Bend Shoes iSPA React,13995,4.6
27bf70ea-1ebe-4b10-92ef-77def8085770,Big Bend Shoes PhantomVNM Club FG,3497,0
7bcc316b-6f5f-4ccf-945b-1734b4b5478f,Big Bend Boots Max 90,9995,0
e97a33f0-013e-4f29-ae32-e3134240ec3c,Big Bend ShoesCourt Air Zoom Zero,11995,4.3
c006acd9-33b8-4327-979a-33d75867ae63,Big Bend Boots Force Max II,13995,4.5
3bb93f37-0566-422e-9a53-ca2ef080c689,Big Bend Boots Max 270 React,8997,0
5d1e48b9-dc1a-4b80-b476-2bcef8fff584,Big Bend Shoes Mercurial Superfly 7 Academy MDS IC,6297,0
b465b403-1aaa-44bf-ab75-ea40bcea563f,Big Bend Boots Max 1 Print,12995,0
1efe8567-ff7d-4033-a012-c91512384c1b,Big Bend Boots Max 97 SE,12797,4.5
5b9637ed-831f-4ad7-9df1-09ea17f18b3a,Big Bend ShoesCourt Air Zoom Resistance,5597,2.5
42ea031e-d978-409b-9b99-32afd1c77ebb,Big Bend Shoes Phantom Venom Club IC,3497,0
adfa5940-85b4-4e02-8a8d-23d4b73cf48c,Big Bend Shoes Benassi JDI SE,2097,0
f6160606-2b83-4084-a630-c59749c3f50a,Big Bend Shoes Mercurial Superfly 7 Elite MDS FG,24995,5
75a442d5-44b8-412a-b821-f13990f52a58,Big Bend Shoes Mercurial Vapor 13 Club IC,4995,0
489c43a0-93ec-47fe-8526-da2fe79ede62,Big Bend Boots VaporMax 360,18995,0
7f366cb3-0cba-4906-a183-1c175169afd3,Big Bend Shoes Solarsoft,1595,3.8
57985734-f25c-4f38-b1ec-7a96462953f9,Big Bend Shoes 11 Retro Low,11897,4.4
fb1d5208-03cd-4543-9442-0c9c7527c3ef,Big Bend Shoes Zoom Fly 3 Premium,14995,5
72576aa2-964d-47bb-a09c-9154ab09304a,Big Bend Shoes Zoom Gravity,6397,3.7
83cc3e6b-344f-4877-ac16-07c7b5e74a49,Big Bend Shoes MX-720-818,15995,0
b88179e9-9588-4585-ba45-da26f121fb89,Big Bend Shoes Mercurial Vapor 13 Elite SE FG,21995,0
b2cc827d-3b93-462b-89c1-a7bdfb1cd883,Big Bend Boots Max 720 BETRUE,15995,5
cc992519-6150-4570-8026-5fb2f1a430f5,Big Bend Boots Force 1 Mid 07,7595,4.5
26ff556d-0e6c-41b9-bd77-cb49e6eb0ed9,Big Bend Boots Max 2017,15995,2.9
73228b72-b347-44ea-8911-9e07c6a21ebb,Big Bend Shoes EXP-X14 SE,11995,5
fbc0dad8-40ae-46c2-88f7-4cf89a42f277,Big Bend ShoesCourt Lite 2,4995,0
32b7dfbc-2a19-4bdd-853e-b95486f47c9f,Air Max 200 20,10995,0
e5f78dec-e921-4f26-97c2-5fc13b0586a2,Big Bend Shoes x Undercover Air Max 720,16995,4
d1f1bda6-3c48-418c-8cf2-ca31ab82e640,Big Bend Shoes 13 Retro,15995,3.9
07327340-bc04-4e15-98f0-41913f10b635,Big Bend Shoes Cortez 72 S.D.,4797,4.4
3abba947-b875-41a7-b240-58863ed75016,Big Bend Shoes Xarr,9097,4.8
d2e4b3b1-f630-4d07-92ab-65c95e59fd81,Big Bend Boots Max 97 On Air Jasmine Lasode,13597,0
053ab027-7fc4-4fec-8888-d2e617020995,Big Bend Boots Force 1 GORE-TEX ,9097,4.1
6941bd0e-b22b-4e6b-99ca-39e0ba5cfef2,Big Bend Boots 6 EP Chinese New Year,10995,5
04bb8a40-1546-4ea0-96ef-bea7bf5ec4e8,Big Bend Shoes Fly.By Mid,4495,0
2850194d-501b-430e-be9d-71756ac8ef0d,Big Bend Shoes Zoom KD12,12995,5
6eab993c-d5b1-490a-ad1d-e6574698254d,Big Bend Shoes Mercurial Vapor 13 Academy MDS MG,5247,0
2ae26388-fc97-4170-a3a4-c8b02b31a803,Big Bend Shoes Mercurial Vapor 13 Elite SE FG,21995,0
92b9eedb-3142-482a-8ca4-d4d10ab70049,Big Bend Shoes Epic React Flyknit 2,10397,4.1
bc2a4757-eb5f-4e95-a5c2-756fc731a01d,Big Bend Shoes MX-720-818,15995,4
dba9274c-efe4-456a-9a33-8bc40bd3a865,Big Bend Shoes Jr. MG,5495,0
750f3e4d-3f5a-4d65-94b3-7c5f2914ffe0,Big Bend Boots Streak Lite,8995,5
2e9e598f-e391-4f3c-91d4-f33390eaf256,Big Bend Shoes Premium,7995,1
fd946f4c-a534-4cba-b639-56a41af1fe4c,Big Bend Boots VaporMax LX,11897,0
f13d935d-75fb-401e-871f-6a5b7c78ce2d,Big Bend Shoes Wildhorse 6,9995,4.7
8cd172e6-e17d-4ab5-832d-6d88aeef676b,Big Bend Boots Zoom Pegasus 36,9995,4.4
42d47db9-ee3b-4bb1-8093-12a9ec68af1e,Big Bend Boots Zoom Wildhorse 5,8995,5
6f83c664-0824-4e29-8182-d78700d8533b,Big Bend Boots Max 720 Waves,11197,5
bd013ac3-2026-4228-b3d0-ab0695525c8b,Big Bend Shoes Benassi JDI BETRUE,4495,4.3
cfe4fc90-a201-4c55-8d50-6c7b80a7c5f3,Big Bend Boots 4,10995,4.1
dd794300-6b3b-44ca-8ec2-74517340584a,Big Bend Shoes 5 Retro,18995,4.6
4504ef87-eb8a-4c3d-a584-6d22f3101b54,Big Bend Shoes Flex 2020 RN,6995,0
c21af295-215c-405a-9b4f-ab14c03b6413,Big Bend Shoes Drop-Type Premium,6995,4
104a7fc4-155b-4ab2-8844-02df357a1514,Big Bend Shoes Modero 2 VP,4495,0
ea20c85a-2246-44b3-a810-b89f3c10a0e6,Big Bend Shoes React Metcon,12995,3.9
983f7021-ae78-41fc-ad33-9547353cadd2,Big Bend Shoes Joyride Dual Run,7697,4.3
13ff87b1-265b-408a-9924-71d2178701a6,Big Bend Shoes Classic Cortez,6595,4.2
44644931-6139-49bb-b841-fa82be1e0e86,Big Bend Shoes React Element 55 Premium,7197,5
a68be6d5-1c30-43f5-a212-2b45be5ad9d2,Big Bend Shoes Mercurial Vapor 13 Academy MDS TF,5247,0
dbf8a79f-568e-4689-a284-f635cd5c1f8d,Big Bend Shoes Why Not? Zer0.2 SE,11995,0
f4e00004-154e-4545-ae39-2d082baa1e82,Big Bend Shoes Joyride CC,8397,5
6a36ebb3-11f2-41d4-b001-668679ce1d4e,Big Bend Shoes Tiempo Legend 8 Club TF,4495,0
6d425e1b-04d1-4934-95a8-c5d58e34b46e,Big Bend Shoes Phantom TF,8495,0
ee9b58f1-c1b5-464e-8545-e1d9de8eb377,Big Bend Shoes Zoom Fly Flyknit,15995,4.2
c7474ab4-0cc4-4521-9952-b081a5b84fed,Big Bend Boots Max 98 SE,15995,0
11cfa5cb-0f09-4158-9a61-4f0197bb3557,Big Bend Boots Max Tailwind IV SP,9597,3
fca33410-f092-4db6-b8be-d64a7472eef3,Big Bend Shoes Proto-Lyte,6397,2.4
f20de15a-b887-4576-a890-ea5ce57159cf,Big Bend Shoes Mercurial Superfly 7 Academy TF,5947,5
e1ac7b3f-3440-44ae-82f8-174ad4e4ccb7,Big Bend Shoes x Hawkins High Cortez,9995,5
5db9c370-c569-43d3-ad64-8657b8ecfc06,Big Bend Shoes Epic,9797,0
8363d5bf-215a-4b02-8067-501dac042324,Big Bend Boots Max 2090,11995,4.8
f4eff5c1-e14f-4740-9b9e-af9f974806d0,Big Bend Shoes Phantom VisionMG,5947,4
fb02ce6f-fa2f-44b6-874f-fbf18c966b9e,Big Bend ShoesCourt Air Max Vapor Wing MS,6495,3.5
1330d472-f96a-4df2-b96b-b247c24bcdd2,Big Bend Shoes x John Elliott Icon,19995,4.8
d1f421a3-cee7-4339-adfe-05c86ca27496,Big Bend Boots Max 270 Flyknit,15995,4.4
9896a876-c66a-421e-8610-7abc374e48d9,Big Bend Shoes 13 Retro Chinese New Year,19995,5
c70519ee-f1f4-4ac8-8d4f-8768f3b6ad4f,Big Bend Shoes Zoom Pegasus Turbo Shield,12597,4.1
0b81d54e-6cff-42e5-8c38-0f225e99c2f7,Big Bend Boots Wildwood ACG,5397,3.4
42ef6bb1-17be-4798-896d-ffe972628f8c,Big Bend Boots Max 720,15995,0
690a6a37-ed5d-4a4e-82ef-8d6c198dc004,Big Bend Shoes 16 Low,11197,4.7
aea141e7-f180-4949-a311-f93a11bc68b9,Big Bend Shoes 14 Retro,14397,4.2
c9217b94-786c-4e0a-bf1a-b3909d024a28,Big Bend Boots Force 1 Type-2,11995,0
a79fd26d-8e31-4174-8a08-c495438c424f,Big Bend Shoes Free RN Flyknit 3.0,6597,4.1
47427f55-97d1-4fb1-a6fe-a09461e31291,Big Bend Shoes SB Air Max Stefan Janoski 2,9995,2.6
59adf9c9-0862-46ec-b764-73725882fce6,Big Bend Boots Zoom Pegasus 36 Trail,10995,4.2
7a1cedfd-0933-4bb3-829f-0537ca273442,Big Bend Shoes Tiempo Legend 8 Club IC,3147,2
66308d8d-5d8d-454e-93f3-252eea3467a4,Big Bend Shoes Flex TR 9,5495,2.9
7b228878-6b27-46a5-abc9-711e3942b60c,Big Bend Shoes Epic Phantom React,8397,5
39617d8a-a08c-45ac-9dad-5bc3487dea7d,Big Bend Shoes Metcon 5 AMP,11995,4.5
4934de66-102b-48ba-84ba-85bf0800762c,Big Bend Shoes SB Air Zoom Bruin Edge,7995,5
2d587f9d-bb60-4e67-a347-2519ea49db23,Big Bend Shoes ISPA Air Max 720,17995,0
6c5cc0c8-12cc-4903-a7f0-f9f2cf5f1edd,Big Bend Shoes x Undercover React Presto,15995,5
587b061c-9c83-46fc-b0ec-deee68e77e36,Big Bend Shoes Vandalised,7697,0
8248d1a9-e092-4256-87bc-ca0e757423ea,Big Bend Shoes Signal D/MS/X,7697,2.7
0761d15d-0f90-4aa7-889d-9fa50941226a,Big Bend Boots Max 720 OBJ,13597,5
cae8dccd-6cf7-4536-bf55-ba515e9db13d,Big Bend Shoes Vandalised LX,8797,5
195fbd5c-56ea-452d-b092-68ee6547b2e9,Big Bend Shoes Canyon,5995,0
f28f9b90-47f5-4235-a05c-8d7a16dcd369,Big Bend Shoes Flex RN 2019,6995,3.8
94fb98ab-2639-4393-9153-0a17a733ffe7,Big Bend Shoes Free RN 5.0,5597,3.9
9b1c3533-48e6-4d3c-92cf-cd09267fbf73,Big Bend ShoesCourt Air Max Vapor Wing MS,6495,3.5
03e906b9-b45f-4487-874b-70797bf1882a,Big Bend Boots Max 90 NS SE,7997,5
15a96f3a-9c23-448b-b383-d3f555f8cc5b,Big Bend Shoes Mercurial Vapor 13 Club TF,3497,0
33b35eff-fddf-4561-b526-7a735d810d46,Big Bend Shoes React Vision,10995,4.3
4bd28394-085a-4018-8c47-37f44ffdb67a,Big Bend Boots Max 2090,11995,5
df2bad3c-a6b7-464c-9279-3682b5b02a57,Big Bend Boots Max Dia Winter,10995,4.4
e9a2277e-be5b-4469-8bad-9618f6c3b8e3,Big Bend Shoes Mercurial Superfly 7 Elite SE FG,22995,0
ccf82a66-1bad-44e6-b784-922cdd3289e6,Big Bend Shoes Zoom Pegasus Turbo 2,12797,2.7
e0d9660b-c7c3-4fa2-a7dc-b14123c1a238,Big Bend Shoes SB Shane,6495,4.7
52ae1822-173b-46d4-bee2-fe5e0937076e,Big Bend Shoes Kawa Shower,1595,0
f395f627-44e2-44e4-a367-32b815045718,Big Bend Boots VaporMax 360,18995,2.2
a309f8aa-907a-43c3-aae8-9d5234d04088,Big Bend Shoes 1 Mid,9995,0
5e3f4161-2c86-4b58-aeff-494acf06c073,Big Bend Shoes Phantom Vision,8495,0
5e62ed7e-caca-41f1-ba99-a477fd813118,Big Bend Boots Max FF 720,13297,3.5
17215155-d06a-4f76-9e9a-89e42a327c40,Big Bend Shoes Proto-Max 720,12797,4.4
22a70022-da2c-4513-9b84-058e492ed23c,Big Bend Shoes Joyride Run Flyknit,11997,4.4
09d0984e-963d-4606-8044-eab7896bf168,Big Bend Shoes Odyssey React Flyknit 2,5997,3.4
4a43bd7d-a00b-483b-9bb1-2364b777089d,Big Bend Shoes Joyride Optik,11197,0
c18897a7-a270-4347-9f21-11180a6397ac,Big Bend Shoes React Element 55 SE,11995,5
eedc389b-e847-4c72-9bdb-0116a179d11e,Big Bend Boots Max Dia LX,7997,1
d993a27e-3267-4e81-9937-903f8b7dedfd,Big Bend Shoes Metcon 5,10995,3.7
41f04ff5-8094-46cc-86d9-a2be34a7bf2b,Big Bend Shoes Benassi,2495,4.1
cbbc4351-02ca-4120-95a3-eb2a848b2dde,Big Bend Shoes Zoom KD12 YouTube,10397,4.6
549159e3-a2b2-41c8-8575-9129e48f4b87,Big Bend Boots Force 1 React,9995,4.8
27edd020-7871-469e-b5d0-c3ca50d0f39b,Big Bend Boots Max 90,9597,4.8
cba60b4a-b2e5-46c6-a074-17af2b619450,Big Bend Boots Zoom Pegasus 36,10995,5
89b9c81d-3c80-4a17-9081-4ba840c0c1c4,Big Bend Boots Max 98 NRG,11197,0
8b8f7a3c-3e72-4e52-bda9-e6492150af2d,Big Bend Shoes Zoom Fly 3,13995,4.8
3e35579e-8e93-45bd-a901-4d717c774faa,Big Bend Boots 6 EP,10995,0
a90cb177-5a8a-40ca-ab3b-8960292de080,Big Bend Boots Force 1 Shadow,8995,4.8
c17511d0-d1ca-4e67-b177-86eef13f3921,Big Bend Boots Max Tailwind IV,8397,5
5a3601eb-f739-47f0-90ff-552bd5617546,Big Bend Shoes Potential 3,4495,5
6183add9-87e9-46c0-ad3d-e50d748e22ae,Big Bend Shoes Mercurial Vapor 13 Academy IC,5247,0
35c85386-ad54-4065-b94d-5bdba694ee4a,Big Bend Shoes x Olivia Kim Air Max 98,11197,4.5
6403ac40-622a-4bdd-adec-a1c9111c5293,Big Bend ShoesCourt Royale,3597,1.5
9d63278d-8b8a-4706-b70c-b2dba7717101,Big Bend Boots Huarache,8995,4.5
a20366f5-a39d-45e0-a217-5be132c22fb5,KD Trey 5 VII EP,7995,0
bc29ebb7-c567-4043-9caf-024fe9ed1094,Big Bend Shoes Phantom Venom Academy FG,7495,2.8
89d3777c-36d2-4dbc-ac37-dacb9556e87c,Big Bend Shoes Mercurial Vapor XII Club MG,3997,0
673a2890-b959-4d3e-b855-f6dc1ea91e61,Big Bend Shoes Phantom Elite,22995,5
1908abd2-33d7-4d48-8575-f12bce936562,Big Bend Boots Force 1 Mid 07,6317,3.8
8529ea4b-d989-4279-9159-1768fce0fbc8,Big Bend Shoes Metcon 5 AMP,11995,0
e1930273-4c10-4491-b8a0-251d0b2afd80,Big Bend Boots Max 270 React,13995,0
0253c5af-9707-45fb-b850-15234e1a5b99,Big Bend Boots Force 1 07 Premium,7697,5
ba51961c-d724-4653-ada1-2ee990165845,Big Bend Shoes 12 Retro,15995,4.5
e1a7d520-4050-491c-9818-d982a290f576,Big Bend Boots Max 98 LX,12797,4.5
5a4af311-672f-40d6-b0d4-16065f2660be,Big Bend Shoes Mercurial Superfly 7 Club MG,5995,0
e12b7047-4019-4825-b861-e78dd818b821,Big Bend Shoes Phantom Venom Academy TF,7495,5
8ead3365-3753-4f9e-a1de-80bc3baa90da,Big Bend Shoes Mercurial Superfly 7 Academy MDS MG,8995,0
10956a72-7096-41a2-8325-d76955d38f20,Big Bend Shoes SB Dunk High Pro,8995,4.8
d5f5e804-e1f5-4332-88c2-b694c6a8da86,Big Bend Shoes Phantom VisionMG,5947,4
6e08c93a-26ce-4422-86ab-5ab770d7e22a,Big Bend Boots Max 270 React,7797,4.2
5710c7de-2db8-4916-b68b-832e57d1564c,Big Bend Shoes Tiempo Legend 8 Elite FG,20995,3.1
44f8a1fb-f65c-48e1-891b-409da33a66a1,Big Bend Shoes SB Zoom Stefan Janoski Canvas RM,6995,3.4
ec38f870-584e-439e-8254-62f6f3d1a388,Big Bend Shoes Flex Contact 3,4197,0
dfea1d04-1924-406b-bf63-a466adb2042f,Big Bend Shoes Why Not? Zer0.2 SE PF,10995,3
b5a02946-1031-4aaa-b491-ec019d147834,Big Bend Shoes Shox TL Nova SP,14995,5
57caf4a9-3c81-4e63-b563-35a75b481a79,Big Bend Boots Max 90,9797,5
c807959b-d7f4-4835-99ef-702ee38abf12,Big Bend Shoes Benassi JDI Floral,2397,4.1
d58abd7e-ca4c-47a1-a3ac-0eeeb0f9fec0,Big Bend Shoes Phantom Vision,5995,0
817681d6-544d-4662-bead-7ec2794ba846,Big Bend Shoes Potential 3,4495,5
7f243d79-edf9-4bd1-a06a-944437204b99,Big Bend Shoes Epic React Flyknit 2,10397,4.2
85a6bff6-9149-4341-8450-646111d74e96,Big Bend Shoes Phantom Vision Club Dynamic Fit FG,4497,5
441e271e-d83e-4b06-b519-1b702f1ebd21,Big Bend Boots Max 97,11897,4.3
8c786c55-7ce6-4129-be65-aa9a48e17fbc,Big Bend Shoes x Olivia Kim Air Force 1 07,9995,5
82569afb-9e82-4d96-9b95-696c50ccd85c,Big Bend Shoes TiempoX Lunar Legend VII Pro TF,7197,3
81fb3fa0-cb65-4b32-9cbe-9080d1ee0566,Big Bend Shoes M2K Tekno,7197,3
18fc9f7f-13f3-4085-b9a9-5bf9a6e00791,Big Bend Shoes React City,9797,0
fdf8d7b7-192a-45d3-ade1-0b88e137d8d9,Big Bend Shoes Epic Phantom React Flyknit,7797,4.9
80ad6ea1-09ee-438c-b8f7-5a182e35d7c5,Big Bend Shoes SB Adversary Premium,7995,0
b69f5e1f-a35a-4e41-aaf3-0a866cce646b,Big Bend Shoes 11 Low,13597,0
e71e352c-480f-4261-b36c-766cdc340e96,Big Bend Shoes SB Air Zoom Bruin Edge,7995,5
30572e6a-64e4-4bbe-81da-c11012b902c3,Big Bend Shoes Daybreak,9995,0
f14303d6-be84-4a58-aba2-0b0ff84a0a29,Big Bend Shoes Mercurial Superfly 7 Elite FG,22995,4.3
dde4f8af-8eb8-477f-b98c-f83eebffb509,Big Bend Boots Max 90 Essential,8995,4
81bbe462-fda8-4df0-ab8f-ebc0be8479b1,Big Bend Boots Zoom Pegasus 36 Premium Rise,6597,5
63facfe5-f559-408b-a926-979300bda2f6,Big Bend Shoes Tiempo Legend 8 Academy MG,4547,2
e19f943e-1a9b-40f0-93ef-cf41d108cc46,Big Bend Shoes Tanjun,3357,4.2
33ea0427-99d2-4ac2-ba15-49761cc9f1ba,Big Bend Boots Max Triax 96 SP,12995,4
01b33428-c39e-4a42-a4b2-1c6276c6af6e,Big Bend Shoes SB Charge Slip Premium,5495,0
8a13db1b-b7b5-4e94-b2d5-124a2db98186,Big Bend Boots Max 2090,13995,5
8343819b-34e6-4047-a908-af4267eeea9f,Big Bend Shoes 16 Low,11197,0
ebfe2586-6d33-4ee8-8110-409983a6867b,Big Bend Shoes Zoom Rival Fly 2,7995,0
d723021d-be92-4c3c-9a9a-cc8fc5242a2e,Big Bend Shoes x Olivia Kim Air Mowabb,11197,0
7aa954f2-6a02-4bcf-948f-d7f1fc7c93cf,Big Bend Shoes Offcourt SE,2995,0
748d9dfd-682b-4404-ad99-3456204d255b,Big Bend Shoes Zoom Pegasus Turbo Shield,12597,4.5
e4cb8f82-932f-4a7b-9595-c1ad67acf279,Big Bend Boots Max 97,9597,0
7d563992-ca2f-4a15-a620-f37346a6e16c,Big Bend Boots Max 720 SE,15995,3
d5e3bd33-8623-4ec5-8512-c504dcf8f29e,Big Bend Shoes Revolution 5 FlyEase,3695,4.5
cdf61fa9-62c7-4f53-8a17-7b46a63827d2,Big Bend Shoes Classic Cortez,6995,4.5
46f616ec-7566-4023-af07-cd47e84ee931,Big Bend Shoes Precision 4,5495,0
761e80d8-a051-46d4-9bc8-ed6fa585ada1,Big Bend Boots Max 200,5997,4.6
d7ad2905-58d7-482e-b42a-90b66590f920,Big Bend Boots Max 270,13995,3.9
a4baf0d7-2712-4b07-98a9-8287a320bc47,Big Bend Shoes Mercurial Vapor 13 Academy TF,5247,0
68574e96-1c88-4a0f-97f5-14dac4e2adf8,Big Bend Shoes SFB Gen 2 20cm approx.,13995,3.8
4694268b-c1dd-4ead-b989-93c4135068d1,Big Bend Boots Max Dia,8995,5
10071752-240f-4432-88fc-3cd48f892c97,Big Bend Shoes SB Alleyoop,6495,0
fc4840a7-aa0b-46cb-9b1e-b862eac712f5,Big Bend Shoes Zoom Rise,8397,4
268fefea-ec52-4738-8a9b-54877656f7eb,Big Bend Shoes Phantom VisionIC,6797,0
12ed746d-d0fb-4c64-9935-efddfa3909f1,Big Bend Shoes 1 Low,8995,4.6
ab39ba3f-dad0-40cb-a6c1-b716771bbe4a,Big Bend Boots Max Bella TR 2,6495,4.3
5f5be41f-c1da-4243-ba00-d2c445b43771,Big Bend Boots Zoom Terra Kiger 6,10995,5
ff9e5301-fd6a-4fbd-80c3-e2a0f9a348fe,Big Bend Shoes Proto-React Z,11197,4.6
c059dce3-8aee-4323-814e-7460413e2422,Big Bend Boots Force 1 SP,12995,4.7
00a5dd71-10a6-4690-9241-b3d147a137f5,Big Bend Shoes Zoom Pegasus Turbo,15995,3.6
4a008189-bb44-4a14-bd83-2b8b92f86f0f,Big Bend Shoes Free RN 5.0,4797,4.2
a32c3499-0ab6-4e26-b1ff-2edc43f38caf,Big Bend Shoes OG,11995,0
36e73231-c4ba-4f34-8b11-e1ecfe90b571,Big Bend Boots Zoom Pegasus 36,6597,0
d07c241f-79b9-4930-82e1-a6ad1a0bfb8c,Big Bend Boots Max Tailwind IV SE,10497,0
3784270c-badb-45ff-bc8b-ce9ba23eb8a7,Big Bend Boots VaporMax 2019 Premium,13597,5
a1c93acd-eaae-4c6d-9d3c-b4845d212e19,Big Bend ShoesCourt Air Zoom Vapor Cage 4,12995,4.7
5ef88c99-c02c-4dfd-875c-05d5639b40d4,Big Bend Shoes 1 Nova XX,10495,5
59dbfc94-3788-43c6-86d7-9b2af134f4e8,Big Bend Boots Max Tailwind IV,11197,0
7aeb7031-06ee-4a06-96d6-ee318747d20e,Big Bend Shoes Flex RN 2019,6995,4.5
9812f6b5-fbbe-422d-bac0-07d28d31530d,Big Bend Shoes Mercurial Superfly 7 Club TF,5995,0
8519d868-385b-44aa-805f-4bf5ad999fce,Big Bend Shoes Free X Metcon 2,9995,3
80d7db10-7f03-4eca-ab80-8af5ba4bfa9a,Big Bend Shoes Mercurial Vapor 13 Academy MDS MG,7495,0
0fb630e7-9027-4b4a-83a6-8758d3c12d9b,Big Bend Boots Max Impact,7995,5
b44a0891-c979-4df2-b13b-603b4a68655b,Big Bend Shoes Classic Cortez,6995,4.5
29889122-3c3e-455f-8c2e-bab69baceb5b,Big Bend Boots Max 90 Premium,11995,5
ae649828-3de8-4f8c-aa45-7758f0c6835f,Big Bend Shoes Renew Run,6995,4.8
5e8aff04-ac9f-4720-a7a8-49294d94418a,Big Bend Boots Max 270 Special Edition,14995,5
0bbe272c-f20a-4755-8a57-597452ff8342,Big Bend Shoes React Metcon AMP,13995,0
3771fddb-0f91-47e2-bfa4-ae4c6f41aedb,Big Bend Boots Force 1 Sage Low,8995,4.5
8b577494-782f-453d-82f7-2826d7681afe,Big Bend Boots Max Triax 96,10995,5
eb531d8d-2098-4cb8-ac57-31ac3fd1350f,Big Bend Shoes Mercurial Vapor 13 Academy MDS TF,5247,0
3586de8a-10a3-4997-96bf-9e08a3a7fb82,PG 3 NASA,7997,3.7
537c0a64-62cd-4b69-a6cc-5fbf51e0ff78,Big Bend Shoes Mercurial Vapor 13 Academy MDS IC,5247,0
d0722d18-4312-45fe-9a5c-ccabfe91018c,Big Bend Shoes Tiempo Legend 8 Club MG,4495,0
9b1f3411-c7a5-414b-ac8e-25e1eeb83d61,Big Bend Boots Max 90,10995,0
ee1083c4-ee5f-4a83-ab44-7e72cd524c04,Big Bend Boots VaporMax Flyknit 2 LXX,36500,0
2799760f-9628-49fb-94be-58d021c70417,Big Bend Shoes Mercurial Superfly 7 Elite SE FG,24995,0
6048ea19-beec-45f8-8957-7257efb649c2,Big Bend Shoes Free RN 5.0 AW,5397,5
5784dda3-4e6d-42cc-84ea-10cdfbfd04da,Big Bend Shoes 1 Jester XX Low Laced,7995,5
1948daa6-3bc6-4e4e-9c6d-9ba4a06f45f2,Big Bend Shoes Metcon 5 Premium,11995,0
53dc1d79-b95a-4793-a6d8-73d7802f7c34,Big Bend Shoes Free RN 5.0,5397,0
5eec99a7-54c7-4599-9221-d1ebff3fc7e6,Big Bend Shoes Zoom Rival Fly,4797,0
e6c6574a-5f7a-49d2-9944-d3ab60e62526,Big Bend Shoes SB Zoom Stefan Janoski Canvas RM,6995,3.4
00f79e98-f265-4912-9d32-921a7b4dba7c,Big Bend Shoes Tiempo Legend 8 Academy IC,6495,5
e7374b69-0a88-408b-b788-1160366b0b8b,Big Bend Shoes SB Bruin High,5597,4.2
1a62858b-91eb-4a8a-b236-e5c5c3ef1e14,PG 3,7197,4
4ac31a8e-d599-45dc-b21c-5ae43452a38c,Big Bend Shoes Free TR Ultra,6397,1
c67fb2c3-3ff1-44bb-943d-7b3f5daf31c8,Big Bend Shoes PhantomVNM Club FG,3497,0
a6f1df7c-8814-4c8d-9c9a-6e6b9c111087,Big Bend Shoes MX-720-818,11197,0
d08b9def-4d14-49a2-b992-d23b69861c12,Big Bend Shoes 7 Retro,11197,4.8
d805f9d8-ec33-4e7b-afab-5b0643874330,Big Bend Shoes SFB Gen 2 20cm approx.,13995,3.8
12dd15f0-c22f-4a0b-85c6-d9258baf3478,Big Bend Shoes Mercurial Superfly 7 Elite MDS FG,24995,5
44539b9a-d88a-4c4b-b1e1-8df833b264de,Big Bend Shoes Epic Phantom React,8397,5
fa45fae6-3532-4c6b-beee-0d20566a6537,Big Bend Boots Max 720 SE,11197,0
45b5dfb3-835a-4c1a-9b6b-964a1fa62ff3,Big Bend Boots Huarache Ultra,7197,4.6
6e24d849-9887-427b-9c04-832679bccc28,Big Bend Shoes Wildhorse 6,9995,4.5
c61d0950-afee-4815-844a-821ee9473ee4,Big Bend Boots Max 270 React SE,13995,0
1d94298a-3cf7-4db4-b184-16c0a15d1da3,Big Bend Shoes Benassi JDI BETRUE,4495,4.3
fbf3bce3-9335-42ca-9a96-4110c0d13534,Big Bend Shoes Zoom Rise,8397,4
3e510122-c01e-4b31-8a58-331c48b8fced,Big Bend Shoes Tiempo Legend 8 Club IC,3147,2
e9fadc8e-f3b2-400f-83b1-1ef67694026c,Big Bend Boots Max 2017,15995,3.5
f2facb36-5ee3-4f61-87ba-c34cdec9b6fe,Big Bend Shoes Flex RN 2018,5997,3.2
d7af7a72-3609-47ad-8d19-904ff5bc9220,Big Bend ShoesCourt Royale AC,3147,5
f64c1292-02f5-4ed4-a560-d15b216df358,Cherry Shoes Latitude 720,12797,5
4dd72f2a-92a0-4c9d-a029-65253a4cb592,Big Bend Shoes Phantom Vision 2,5995,0
d6485558-be24-43f8-8da4-7264f0e970c2,Big Bend Boots Force 1 07 SE,6797,3.6
8274ca71-9d23-4e17-a815-226c1983559b,Big Bend Shoes Zoom Fly 3 Premium,10497,5
ad7d8f90-fabb-4bd2-ab54-60ea88765bd6,Big Bend Shoes SB Alleyoop,6495,0
315a2327-9476-4e77-9e2a-e88dfa211cee,Big Bend Shoes Mercurial Vapor 13 Elite SE FG,21995,0
048f09e9-ff79-4a66-8f58-cb8fef6c75e1,Big Bend Boots VaporMax 2019,9597,3.5
51132b0a-82f9-4731-8e57-681e03bfdc7a,Big Bend Boots Zoom Structure 22,9995,4.3
7fdd636a-c7b6-4f4f-a174-507f2fe15017,Big Bend ShoesCourt Air Zoom Vapor X,14995,4
102c2b1d-4fb4-4b15-bec9-52e7dc71d888,Big Bend Shoes Soldier 13 SFG,9597,4.2
dc4f6716-710a-4ba9-bf32-f7f5dc18c004,Big Bend Shoes 13 Retro,15995,3.9
32b4ecc8-05a2-4199-b254-a71ad287e2fc,Big Bend Shoes React Element 55 Premium,7197,4
87b6c401-e36c-4032-9feb-27ef3774b08a,Big Bend Shoes Zoom Pegasus Turbo 2,15995,0
5769f102-9442-494e-a6ad-8d13b4e27bf6,Big Bend Boots Max 97,16995,5
117763d1-9e0e-4dc8-8414-734f3705249b,Big Bend Shoes Free RN Flyknit 3.0,7197,0
ae88994c-26e3-466f-af9b-5be3f9e7792c,Big Bend Boots Force 1 GORE-TEX ,10397,4.1
adbc58b6-3b44-4722-8781-e020d85f660d,Big Bend Boots Zoom Pegasus 36,10995,0
9e88127d-a53c-4916-b2a0-5bdfc3ce6718,Big Bend Shoes Phantom Venom Academy TF,7495,5
4f8fb7e6-c7c4-43ee-86d4-806bab971a73,Big Bend Boots 4,10995,4.1
16226443-0c56-4ba0-a4bb-a0e705a86e40,Big Bend Shoes Metcon 4 XD Patch,11995,0
88a72597-e611-49d6-82e5-9751e1153575,Big Bend ShoesCourt Royale SL,3197,0
36011f27-c581-46d2-8d64-9fff657cd747,Big Bend Shoes React Metcon,12995,3.7
020753f1-edbd-428b-9ebe-048fe86d9956,Big Bend Shoes Phantom TF,8495,0
248d5e0c-288b-4055-8203-2eff03906366,Big Bend Shoes ZoomX Vista Grind SP,14995,5
062366f5-278c-49c9-9907-5bd967bb7700,Big Bend Boots Max 90,9995,0
80308f12-bc17-49cc-9efb-2e6d4a847fef,Big Bend Boots Max 270 React,12995,4.3
eafbde70-0a6c-4b76-a769-a6e4ad3d6a34,Big Bend Shoes Zoom Fly SP Fast,10197,0
ab78cbe6-a680-44a5-93a0-ccc8a4581b65,Big Bend Shoes Drop-Type,5995,4
9ff64374-201e-4d6b-8885-02a4a2d36449,Big Bend Boots Max 98 SE,15995,0
1db091e5-c516-4286-84a2-8d687d6c0331,Big Bend Shoes Zoom Rival Fly 2,7995,0
c332b2a2-bf50-49e0-b27c-5b585d1a3c8b,Big Bend Shoes MX-720-818,15995,0
43017323-92a7-4bdd-b69a-cd535be2a538,Big Bend Shoes Blazer Low LE,5597,5
af2d5e98-e569-4c04-a650-8f6304d9117c,Big Bend Shoes Zoom Pegasus Turbo 2 Rise,9597,4
72f03284-13df-4699-9f6c-26f26b1dfb37,Big Bend Boots Max 98,15995,0
849b80d4-5eb2-4370-b3bb-030fe1623789,Big Bend Boots Max Dia SE,5997,4.8
d5b9a7eb-d8fb-4291-9d44-a639e59b1a9b,Big Bend Shoes Mercurial Superfly 7 Academy MDS TF,8995,0
02b1b151-8f0f-40eb-92e5-c261ea0ec8a6,Big Bend Shoes Tanjun,3997,4
15c50ef1-f994-4b44-8e8e-ba2f00baf546,Big Bend Boots Max 90,7597,3.6
a0b8ad3b-e7b7-4d8a-8c24-4091538fcc70,Big Bend Boots Max 720 BETRUE,15995,5
5c6bde48-a903-4503-bc64-15dfe7ff41b4,Big Bend Shoes Odyssey React,9597,4.1
a36e20a8-1693-420a-b3d2-83b064fce10c,Big Bend Shoes Legend React,8795,2.7
ce541ffb-0b4b-4035-afc2-fdb952dfce0c,Big Bend Boots Zoom Winflo 6,7995,3.7
1edce639-9f89-483b-ba19-bd5286300ab4,Big Bend Boots Zoom Vomero 14,9597,2.8
9c05ee87-d4d1-47e2-90bb-ee0968bed536,Big Bend Boots VaporMax SE,10197,3.7
f03f3bff-befd-4549-953d-b6f466a37573,Big Bend Shoes Mercurial Superfly 7 Academy MDS IC,6297,0
a0ebfb5d-f235-4804-b336-c2d76cdd7bec,Big Bend ShoesCourt Air Max Wildcard,7995,4.5
0a9ba26a-440d-42a0-8e22-f2e80385117a,Big Bend Boots Max 98,16995,4
6ad9a568-fd06-4dbd-8d4c-eae3100ffd8f,Big Bend Shoes SB Zoom Stefan Janoski Mid RM,6397,5
3c0a21ba-63ce-43ac-9aac-33b275c73914,Big Bend ShoesCourt Air Zoom Zero,11995,3.8
df327013-4cdb-4d27-8649-71b5d23de8fd,Big Bend Shoes x Olivia Kim Air Footscape,9097,0
883f1ff2-4f33-4545-b730-d21d5901d76b,Big Bend Shoes M2K Tekno,8995,4
83409be4-2dca-48ba-8fd3-4cc27fcb2565,PG 3,7197,4
21662c14-fcc2-4415-921b-b98bade45260,Big Bend Shoes 5 Retro,18995,4.6
c9adb703-8404-4b63-9424-56353abec369,Big Bend Boots Max Dia NRG,7697,4.3
3e8d6b60-4510-4742-9260-db07f6058624,Big Bend Shoes Mercurial Vapor 13 Elite FG,21995,3.5
ef5be7ee-967c-44ae-9b33-7a6b18bcd180,Big Bend Boots Max 720,9597,4.9
656b7028-0935-4a52-9aff-197509ef4423,Big Bend Shoes Zoom KD12,12995,4.6
4439cf30-dc32-4963-a3e4-b910450ddc7d,Big Bend Shoes 7 Retro,11197,4.8
b94998f8-10fd-4882-9020-c059eea8f75f,Big Bend Shoes Mercurial Superfly 7 Academy IC,8495,5
d4dffc7d-f5bf-4a35-85ac-c0b2c01d4c6a,Big Bend Boots Zoom Pegasus 36 FlyEase,7997,3
13eee53b-e861-475c-afec-af439934cbd6,Big Bend Shoes Daybreak,9995,0
99bdabcd-a3e2-4e2f-8ae4-9996ced650d7,Big Bend Shoes P-6000 Icon Clash,5597,4.7
fda466a0-cb67-44e8-a854-7a398ce2c1dd,Big Bend Shoes Mercurial Superfly 7 Elite FG,22995,4.3
ea5311c8-a802-49ee-9624-0e8c10944bd2,Big Bend Shoes SB Chron Solarsoft Premium,5995,0
7e30fdf8-7d55-4cc3-b7b9-a5106acc0cda,Big Bend Shoes Tiempo Legend 8 Club TF,4495,0
e885f5c2-3689-4484-b1ee-8bee443f5353,Big Bend Boots Max Bella TR 3,6495,0
ce6e1554-242f-44be-b549-3c5a8a315641,Big Bend Shoes Blazer Low Suede,5597,0
fa0b5c79-4fbd-4fa8-841c-f7112e731363,Big Bend Boots Max 95 Premium,13597,3.7
5ec58023-e704-4baf-a9ab-b1303c4a14d6,Big Bend Shoes Pre-Love O.X.,7495,5
f8690ae2-52ae-4b2b-8079-3eeff75446a7,Big Bend Shoes Mercurial Vapor 13 Academy MG,7495,0
cfe7b336-a544-4915-bcff-13202e94b162,Big Bend Shoes Mercurial Superfly 7 Academy MG,8495,5
9a59d1c0-c526-44c8-853f-cfe57d9953e1,Big Bend Boots Force 1 07 SE,7995,5
9717619a-aa07-4529-81d8-81198aa93c6b,Big Bend Shoes Zoom Pegasus Turbo XX,13597,1
dc2aef4e-0ce2-4af4-939f-b6c7ef90b32d,Big Bend Shoes React Metcon,12995,3.9
67fcc52e-a220-4f47-98e3-f900e9fda983,Big Bend Boots Max 200,9995,0
790f20c4-5139-41c9-a51b-e33faec752c7,Big Bend Shoes Phantom Venom Academy IC,5247,0
9e916a72-8bb0-41bb-a082-cf3f12f13c1b,Big Bend Shoes Phantom VisionIC,6797,0
0d61d1aa-e8d7-415a-ac09-a60b4a12372c,Big Bend Shoes 1 Jester XX Low Laced SE,7197,0
400466b7-da21-46ee-9ab8-9d64bbb5950a,Big Bend Shoes Mercurial Vapor 13 Club MG,4995,0
8cd8558f-b3a8-4e61-971f-8492b62872ea,Big Bend Shoes Zoom,12797,5
787f30c8-a8b2-4e05-a8da-e56e5863ba12,Big Bend Shoes Metcon 5 AMP,11995,4.5
62089118-091d-41c3-ae55-2a361c7b56be,Big Bend Shoes 5 Retro,15995,3.3
bd99e2d4-d95e-4a61-a216-7c671c6726be,Big Bend Shoes ZoomX Vaporfly NEXT,19995,4.7
9952c67e-982a-4fb3-a06f-ebf10a8c36c8,Big Bend Shoes Mercurial Vapor 13 Academy IC,5247,0
eb8b7807-77a1-47fc-9d54-ff3007638ff6,Big Bend Shoes Tiempo Legend 8 Academy TF,6495,0
44050d73-d861-4b4a-a077-25739d25974d,Big Bend Boots 6 Enlightenment,8797,4.4
d4c529f8-c2e7-444a-83d1-008f0b018122,Big Bend Shoes React Metcon AMP,13995,3
0e354bb9-5319-40e0-87c8-4b91fdf7de2d,Big Bend Shoes 8 Retro,12797,5
6a5e4712-0ec2-4529-b879-83b1cd5907bc,Big Bend Shoes Phantom Venom Club IC,3497,0
fedb94b4-c93c-4524-a02a-5b74fab56b41,Big Bend Shoes Mercurial Superfly 7 Academy TF,5947,5
f7554f88-c110-4981-9c03-458e9cfe8f1d,Big Bend Boots Max 98,16995,4
6757ada4-6631-482f-98dc-d3b99bacf699,Big Bend Shoes P-6000 SE,6297,0